ID;Variable;Question;Details;Type;Possible_Answers;Obsertations;
1;Survey_id;Identificación;Survey;Texto ;BO####, BR####, PE####;;
2;Country;País;Domicilio;Texto;Brazil, Peru, Bolivia;dictionary_Country.csv;
3;A1_informed_consent;Concentimiento de participación;Survey;Dicotómica;"Si, confirmo mi participación
No, confirmo mi participación";dictionary_A1_informed_consent.csv;
4;D1_birth_year;Año de nacimiento ;Edad;Texto numérico;1945 - 2005 ;;
5;D1_1_range;Rango del año de nacimiento;Edad;Texto numérico;"1=1997-2005
2=1981-1996
3=1965-1980
4=1945-1964";dictionary_D1_1_range.csv;
6;D2_sex;Sexo;Género;Dicotómica;"Mujer
Hombre";dictionary_D2_sex.csv;
7;D3_gender;¿Género con el cual se identifica?;Género - Especificación;Texto;"Bisexual
Cisgénero
Gay
Heterosexual
No binario
No informado
Otra expresión
Prefiero no responder
Queer
Transgénero";dictionary_D3_gender.csv;
8;D3_gender_classification;¿Género con el cual se identifica?;Género - Classificación;Texto;"Expresión de género
Identidad de género
Orientación sexual
Otros metadatos";dictionary_D3_gender_classification.csv;
9;D4_ethnic_group;¿Se identifica con alguno de estos grupos étnicos? ;Etnia;Texto ;"Blanco(a)
Indígena
Mestizo(a)
Negro(a)
No contesta
No sabe
Oriental / asiático
Outro";dictionary_D4_ethnic_group.csv;
10;D4_ethnic_group_especification;¿Se identifica con alguno de estos grupos étnicos? ;Etnia - Especificación;Texto ;Escrito por el participante ;dictionary_D4_ethnic_group_especification.csv;
11;D5_state;¿En qué departamento vive?;Domicilio;Texto ;Escrito por el participante;dictionary_D5_state.csv;
12;D6_city;¿En qué ciudad vive?;Domicilio;Texto ;Escrito por el participante;dictionary_D6_city.csv;
13;D7_marital_status;Estado civil;Estado civil;Factor;"Soltero
Casado
Divorciado
Viudo";dictionary_D7_marital_status.csv;
14;D8_1_children_0_3;Número de hijos con edades entre [0 a 3 años];Hijos;Texto numérico ;Escrito por el participante ;;
15;D8_2_children_4_6;Número de hijos con edades entre [4 a 6 años];Hijos;Texto numérico ;Escrito por el participante ;;
16;D8_3_children_7_11;Número de hijos con edades entre [7 a 11 años];Hijos;Texto numérico ;Escrito por el participante ;;
17;D8_4_children_12_17;Número de hijos con edades entre [12 a 17 años];Hijos;Texto numérico ;Escrito por el participante ;;
18;D9_completed_highschool;¿Tiene el nivel de educación secundaria completa?;Educación;Dicotómica;"Si 
No";dictionary_si_no.csv;
19;D9_1_1_attended_college; Nivel de educación (Debe marcar solo los obtenidos y en curso): [Superior universitario];Educación;Dicotómica;"Si 
No";dictionary_si_no.csv;
20;D9_1_2_attended_master;Nivel de educación (Debe marcar solo los obtenidos y en curso): [Maestría];Educación;Dicotómica;"Si 
No";dictionary_si_no.csv;
21;D9_1_3_attended_doctorate;Nivel de educación (Debe marcar solo los obtenidos y en curso): [Doctorado];Educación;Dicotómica;"Si 
No";dictionary_si_no.csv;
22;D9_1_4_attended_postdoc;Nivel de educación (Debe marcar solo los obtenidos y en curso): [Pós Doctorado];Educación;Dicotómica;"Si 
No";dictionary_si_no.csv;
23;D9_2_1_completed_college;¿Concluido? [Superior ];Educación;Dicotómica;"Si 
No";dictionary_si_no.csv;
24;D9_2_2_completed_master;¿Concluido? [Maestría];Educación;Dicotómica;"Si 
No";dictionary_si_no.csv;
25;D9_2_3_completed_doctorate;¿Concluido? [Doctorado];Educación;Dicotómica;"Si 
No";dictionary_si_no.csv;
26;D9_2_4_completed_postdoc;¿Concluido? [Pós Doctorado];Educación;Dicotómica;"Si 
No";dictionary_si_no.csv;
27;D9_3_1_college_area;Área Superior Universitaria ;Educación;Factor;"Ciencias (Ciencias naturales, ciencias sociales, ciencias de la salud y ciencias económicas.)
Tecnología, Ingeniería de Sistemas o Computación (Por ejemplo, ciencias de la computación, ingeniería de sistemas, ingeniería de software, informática, sistemas de información, licenciatura en Computación, desarrollo de software, ciberseguridad, Big Data, entre otras relacionadas)
Ingenierías relacionadas a la tecnología (Por ejemplo, ingeniería de sistemas, de software, informática, de telecomunicaciones, entre otras relacionadas)
Otras ingenierías (Por ejemplo, ingeniería civil, eléctrica, telecomunicaciones, económica, comercial, industrial, química, entre otras)
Humanidades (Filosofía, Teología, Literatura, Artes, Historia, entre otras)
Comunicaciones
Marketing, Publicidad
Banca y Seguros
Comercio Internacional
Educación
Gastronomía
Hotelería, Turismo
Otro";dictionary_course_area.csv;
28;D9_3_1_O_college_area_other;Área Superior Universitaria - Otros;Educación;Texto ;Escrito por el participante ;dictionary_courses.csv;
29;D9_3_2_master_area;Área Maestría;Educación;Factor;"Ciencias (Ciencias naturales, ciencias sociales, ciencias de la salud y ciencias económicas.)
Tecnología, Ingeniería de Sistemas o Computación (Por ejemplo, ciencias de la computación, ingeniería de sistemas, ingeniería de software, informática, sistemas de información, licenciatura en Computación, desarrollo de software, ciberseguridad, Big Data, entre otras relacionadas)
Ingenierías relacionadas a la tecnología (Por ejemplo, ingeniería de sistemas, de software, informática, de telecomunicaciones, entre otras relacionadas)
Otras ingenierías (Por ejemplo, ingeniería civil, eléctrica, telecomunicaciones, económica, comercial, industrial, química, entre otras)
Humanidades (Filosofía, Teología, Literatura, Artes, Historia, entre otras)
Comunicaciones
Marketing, Publicidad
Banca y Seguros
Comercio Internacional
Educación
Gastronomía
Hotelería, Turismo
Otro";dictionary_course_area.csv;
30;D9_3_2_O_master_area_other;Área Maestría - Otros;Educación;Texto ;Escrito por el participante ;dictionary_courses.csv;
31;D9_3_3_doctorate_area;Área Doctorado ;Educación;Factor;"Ciencias (Ciencias naturales, ciencias sociales, ciencias de la salud y ciencias económicas.)
Tecnología, Ingeniería de Sistemas o Computación (Por ejemplo, ciencias de la computación, ingeniería de sistemas, ingeniería de software, informática, sistemas de información, licenciatura en Computación, desarrollo de software, ciberseguridad, Big Data, entre otras relacionadas)
Ingenierías relacionadas a la tecnología (Por ejemplo, ingeniería de sistemas, de software, informática, de telecomunicaciones, entre otras relacionadas)
Otras ingenierías (Por ejemplo, ingeniería civil, eléctrica, telecomunicaciones, económica, comercial, industrial, química, entre otras)
Humanidades (Filosofía, Teología, Literatura, Artes, Historia, entre otras)
Comunicaciones
Marketing, Publicidad
Banca y Seguros
Comercio Internacional
Educación
Gastronomía
Hotelería, Turismo
Otro";dictionary_course_area.csv;
32;D9_3_3_O_doctorate_area_other;Área Doctorado - Otros;Educación;Texto ;Escrito por el participante ;dictionary_courses.csv;
33;D9_3_4_postdoc_area;Área Pos Doctorado ;Educación;Factor;"Ciencias (Ciencias naturales, ciencias sociales, ciencias de la salud y ciencias económicas.)
Tecnología, Ingeniería de Sistemas o Computación (Por ejemplo, ciencias de la computación, ingeniería de sistemas, ingeniería de software, informática, sistemas de información, licenciatura en Computación, desarrollo de software, ciberseguridad, Big Data, entre otras relacionadas)
Ingenierías relacionadas a la tecnología (Por ejemplo, ingeniería de sistemas, de software, informática, de telecomunicaciones, entre otras relacionadas)
Otras ingenierías (Por ejemplo, ingeniería civil, eléctrica, telecomunicaciones, económica, comercial, industrial, química, entre otras)
Humanidades (Filosofía, Teología, Literatura, Artes, Historia, entre otras)
Comunicaciones
Marketing, Publicidad
Banca y Seguros
Comercio Internacional
Educación
Gastronomía
Hotelería, Turismo
Otro";dictionary_course_area.csv;
34;D9_3_4_O_postdoc_area_other;Área Pos Doctorado - Otros;Educación;Texto ;Escrito por el participante ;dictionary_courses.csv;
35;D10_1_student;Estado profesional [Soy estudiante];Carrera;Dicotómica;"Si 
No";dictionary_si_no.csv;
36;D10_2_intership;Estado profesional [Estoy realizando prácticas ];Carrera;Dicotómica;"Si 
No";dictionary_si_no.csv;
37;D10_3_worker;Estado profesional [Estoy trabajando];Carrera;Dicotómica;"Si 
No";dictionary_si_no.csv;
38;D11_professional_area;Sector profesional  Responde si actualmente estás trabajando en alguno de estos sectores - Listado de sectores económicos;Carrera;Factor;"Agricultura/Ganadería
Administración pública y defensa
Alojamiento y restaurantes
Comercio
Construcción
Electricidad, gas y agua
Extracción de petróleo, gas, minerales y servicios conexos
Manufactura
Pesca y acuicultura
Telecomunicaciones y otros servicios de información
Transporte, almacenamiento, correo y mensajería
Educación
Publicidad/Marketing
Consultoría
Sector público
Tecnología e Informática
Otro";dictionary_D11_professional_area.csv;
39;D11_O_professional_area_other;Sector profesional  Responde si actualmente estás trabajando en alguno de estos sectores - Listado de sectores económicos  [Otro];Carrera;Texto ;Escrito por el participante ;dictionary_D11_O_professional_area_other.csv;
40;D12_1_years_experience_total;Años de experiencia laboral Años de trabajo – Total;Carrera;Texto numérico ;Escrito por el participante;;
41;D12_2_1_years_experience_technology;Años de experiencia laboral  Años de trabajo – Por sector  [TI];Carrera;Texto numérico ;Escrito por el participante;;
42;D12_2_2_years_experience_engineering;Años de experiencia laboral  Años de trabajo – Por sector  [Ingeniería];Carrera;Texto numérico ;Escrito por el participante;;
43;D12_2_3_years_experience_science;Años de experiencia laboral  Años de trabajo – Por sector  [Ciencias];Carrera;Texto numérico ;Escrito por el participante;;
44;D12_2_4_years_experience_other_sectors;Años de experiencia laboral  Años de trabajo – Por sector  [Otros sectores];Carrera;Texto numérico ;Escrito por el participante;;
45;D13_being_in_stem_career;¿Está en una carrera STEM ?  Las carreras STEM hacen referencias a aquellas relacionadas a las áreas de ciencias, tecnología, ingeniería y matemáticas, las cuales son áreas de estudio muy importantes para ayudar al desarrollo de una sociedad cada vez más tecnológica.;Carrera;Dicotómica;"Si 
No";dictionary_si_no.csv;
46;D14_1_organizational_leader;Actualmente, dirijo [Una organización];Liderazgo;Dicotómica;"Si 
No";dictionary_si_no.csv;
47;D14_2_unit_leader;Actualmente, dirijo [Una unidad interna];Liderazgo;Dicotómica;"Si 
No";dictionary_si_no.csv;
48;D14_3_group_leader;Actualmente, dirijo [Un grupo de personas];Liderazgo;Dicotómica;"Si 
No";dictionary_si_no.csv;
49;D15_women_in_my_classroom;Durante la universidad, qué porcentaje de personas en mi clase eran/son mujeres;Igualdad de género;Texto numérico ;Escrito por el participante ;;
50;D16_women_in_my_business_unit;En mi organización actual, qué porcentaje de personas trabajando mi unidad de negocios son mujeres;Igualdad de género;Texto numérico ;Escrito por el participante ;;
51;D17_have_a_laptop;Tengo una computadora/portátil que funciona bien;Equipos;Dicotómica;"Si 
No";dictionary_si_no.csv;
52;D18_have_wifi;Tengo conectividad estable a Internet las 24 horas del día, los 7 días de la semana;Equipos;Dicotómica;"Si 
No";dictionary_si_no.csv;
53;D19_have_electricity;Tengo energía eléctrica permanente;Equipos;Dicotómica;"Si 
No";dictionary_si_no.csv;
54;A1_1_snb;Me siento poco aceptada/o por las personas con las que trabajo/estudio.;Factores individuales: Factores individuales;Factor Likert;"Totalmente en desacuerdo
En desacuerdo
Algo en desacuerdo
Ni de acuerdo ni en desacuerdo
Algo de acuerdo
De acuerdo
Totalmente de acuerdo";dictionary_likert.csv;
55;A1_2_snb;Siento que estoy conectada/o vinculada/o con uno o más de mis compañeros durante mi experiencia laboral/académica.;Factores individuales: Factores individuales;Factor Likert;"Totalmente en desacuerdo
En desacuerdo
Algo en desacuerdo
Ni de acuerdo ni en desacuerdo
Algo de acuerdo
De acuerdo
Totalmente de acuerdo";dictionary_likert.csv;
56;A1_3_snb;Me siento como un extraña/o durante mi experiencia laboral o académica.;Factores individuales: Factores individuales;Factor Likert;"Totalmente en desacuerdo
En desacuerdo
Algo en desacuerdo
Ni de acuerdo ni en desacuerdo
Algo de acuerdo
De acuerdo
Totalmente de acuerdo";dictionary_likert.csv;
57;A2_1_selfeff;Me siento cómoda/o con mi nivel de conocimiento para trabajar en campos STEM;Factores individuales: autoeficacia;Factor Likert;"Totalmente en desacuerdo
En desacuerdo
Algo en desacuerdo
Ni de acuerdo ni en desacuerdo
Algo de acuerdo
De acuerdo
Totalmente de acuerdo";dictionary_likert.csv;
58;A2_2_selfeff;Tengo un fuerte conjunto de valores personales en los que creo;Factores individuales: autoeficacia;Factor Likert;"Totalmente en desacuerdo
En desacuerdo
Algo en desacuerdo
Ni de acuerdo ni en desacuerdo
Algo de acuerdo
De acuerdo
Totalmente de acuerdo";dictionary_likert.csv;
59;A2_3_selfeff;Me apasiona seguir una carrera en los campos de STEM porque me brinda una herramienta para ayudar a los demás.;Factores individuales: autoeficacia;Factor Likert;"Totalmente en desacuerdo
En desacuerdo
Algo en desacuerdo
Ni de acuerdo ni en desacuerdo
Algo de acuerdo
De acuerdo
Totalmente de acuerdo";dictionary_likert.csv;
60;A2_4_selfeff;Confío en mi capacidad para trabajar en campos STEM.;Factores individuales: autoeficacia;Factor Likert;"Totalmente en desacuerdo
En desacuerdo
Algo en desacuerdo
Ni de acuerdo ni en desacuerdo
Algo de acuerdo
De acuerdo
Totalmente de acuerdo";dictionary_likert.csv;
61;A3_1_selfconf;Soy un gran fracaso;Factores individuales: Confianza en sí mismo;Factor Likert;"Totalmente en desacuerdo
En desacuerdo
Algo en desacuerdo
Ni de acuerdo ni en desacuerdo
Algo de acuerdo
De acuerdo
Totalmente de acuerdo";dictionary_likert.csv;
62;A3_2_selfconf;Tengo bastante éxito;Factores individuales: Confianza en sí mismo;Factor Likert;"Totalmente en desacuerdo
En desacuerdo
Algo en desacuerdo
Ni de acuerdo ni en desacuerdo
Algo de acuerdo
De acuerdo
Totalmente de acuerdo";dictionary_likert.csv;
63;A3_3_selfconf;No soy lo suficientemente inteligente;Factores individuales: Confianza en sí mismo;Factor Likert;"Totalmente en desacuerdo
En desacuerdo
Algo en desacuerdo
Ni de acuerdo ni en desacuerdo
Algo de acuerdo
De acuerdo
Totalmente de acuerdo";dictionary_likert.csv;
64;A3_4_selfconf;Soy muy inteligente;Factores individuales: Confianza en sí mismo;Factor Likert;"Totalmente en desacuerdo
En desacuerdo
Algo en desacuerdo
Ni de acuerdo ni en desacuerdo
Algo de acuerdo
De acuerdo
Totalmente de acuerdo";dictionary_likert.csv;
65;A3_5_selfconf;Soy más brillante que otras personas.;Factores individuales: Confianza en sí mismo;Factor Likert;"Totalmente en desacuerdo
En desacuerdo
Algo en desacuerdo
Ni de acuerdo ni en desacuerdo
Algo de acuerdo
De acuerdo
Totalmente de acuerdo";dictionary_likert.csv;
66;A3_6_selfconf;Soy más tonta/o que otras personas.;Factores individuales: Confianza en sí mismo;Factor Likert;"Totalmente en desacuerdo
En desacuerdo
Algo en desacuerdo
Ni de acuerdo ni en desacuerdo
Algo de acuerdo
De acuerdo
Totalmente de acuerdo";dictionary_likert.csv;
67;A4_1_indep;Gano mi propio sustento;Factores individuales: Independencia;Factor Likert;"Totalmente en desacuerdo
En desacuerdo
Algo en desacuerdo
Ni de acuerdo ni en desacuerdo
Algo de acuerdo
De acuerdo
Totalmente de acuerdo";dictionary_likert.csv;
68;A4_2_indep;Pago por mi propio alquiler o hipoteca;Factores individuales: Independencia;Factor Likert;"Totalmente en desacuerdo
En desacuerdo
Algo en desacuerdo
Ni de acuerdo ni en desacuerdo
Algo de acuerdo
De acuerdo
Totalmente de acuerdo";dictionary_likert.csv;
69;A4_3_indep;Pago mis cuentas;Factores individuales: Independencia;Factor Likert;"Totalmente en desacuerdo
En desacuerdo
Algo en desacuerdo
Ni de acuerdo ni en desacuerdo
Algo de acuerdo
De acuerdo
Totalmente de acuerdo";dictionary_likert.csv;
70;A4_4_indep;Administro mi propio dinero;Factores individuales: Independencia;Factor Likert;"Totalmente en desacuerdo
En desacuerdo
Algo en desacuerdo
Ni de acuerdo ni en desacuerdo
Algo de acuerdo
De acuerdo
Totalmente de acuerdo";dictionary_likert.csv;
71;A5_1_women_ident;Me gusta hacer el mismo tipo de cosas que la mayoría de las mujeres.;Factores individuales: identidad de género;Factor Likert;"Totalmente en desacuerdo
En desacuerdo
Algo en desacuerdo
Ni de acuerdo ni en desacuerdo
Algo de acuerdo
De acuerdo
Totalmente de acuerdo";dictionary_likert.csv;
72;A5_2_women_ident;A veces la gente dice que actúo más como un hombre que como una mujer.;Factores individuales: identidad de género;Factor Likert;"Totalmente en desacuerdo
En desacuerdo
Algo en desacuerdo
Ni de acuerdo ni en desacuerdo
Algo de acuerdo
De acuerdo
Totalmente de acuerdo";dictionary_likert.csv;
73;A5_3_women_ident;A veces pienso que es más fácil ser hombre que ser mujer.;Factores individuales: identidad de género;Factor Likert;"Totalmente en desacuerdo
En desacuerdo
Algo en desacuerdo
Ni de acuerdo ni en desacuerdo
Algo de acuerdo
De acuerdo
Totalmente de acuerdo";dictionary_likert.csv;
74;A5_4_women_ident;Me gustaría que las mujeres pudieran hacer más de las cosas que los hombres pueden hacer.;Factores individuales: identidad de género;Factor Likert;"Totalmente en desacuerdo
En desacuerdo
Algo en desacuerdo
Ni de acuerdo ni en desacuerdo
Algo de acuerdo
De acuerdo
Totalmente de acuerdo";dictionary_likert.csv;
75;A5_5_women_ident;A veces pienso que es más divertido ser hombre.;Factores individuales: identidad de género;Factor Likert;"Totalmente en desacuerdo
En desacuerdo
Algo en desacuerdo
Ni de acuerdo ni en desacuerdo
Algo de acuerdo
De acuerdo
Totalmente de acuerdo";dictionary_likert.csv;
76;A5_6_women_ident;Creo que es injusto que a las mujeres no se les permita hacer ciertas  cosas que los hombres pueden hacer.;Factores individuales: identidad de género;Factor Likert;"Totalmente en desacuerdo
En desacuerdo
Algo en desacuerdo
Ni de acuerdo ni en desacuerdo
Algo de acuerdo
De acuerdo
Totalmente de acuerdo";dictionary_likert.csv;
77;A6_1_bullying;Mis compañeros se burlaban de mí.;Factores individuales: consecuencias del bullying;Factor Likert;"Totalmente en desacuerdo
En desacuerdo
Algo en desacuerdo
Ni de acuerdo ni en desacuerdo
Algo de acuerdo
De acuerdo
Totalmente de acuerdo";dictionary_likert.csv;
78;A6_2_bullying;Mis compañeros me hicieron avergonzar.;Factores individuales: consecuencias del bullying;Factor Likert;"Totalmente en desacuerdo
En desacuerdo
Algo en desacuerdo
Ni de acuerdo ni en desacuerdo
Algo de acuerdo
De acuerdo
Totalmente de acuerdo";dictionary_likert.csv;
79;A6_3_bullying;Mis compañeros no me permiten participar en proyectos o actividades especiales.;Factores individuales: consecuencias del bullying;Factor Likert;"Totalmente en desacuerdo
En desacuerdo
Algo en desacuerdo
Ni de acuerdo ni en desacuerdo
Algo de acuerdo
De acuerdo
Totalmente de acuerdo";dictionary_likert.csv;
80;A6_4_bullying;Mis compañeros me eligieron en último lugar.;Factores individuales: consecuencias del bullying;Factor Likert;"Totalmente en desacuerdo
En desacuerdo
Algo en desacuerdo
Ni de acuerdo ni en desacuerdo
Algo de acuerdo
De acuerdo
Totalmente de acuerdo";dictionary_likert.csv;
81;A6_5_bullying;Nadie me ayudó cuando pedí ayuda.;Factores individuales: consecuencias del bullying;Factor Likert;"Totalmente en desacuerdo
En desacuerdo
Algo en desacuerdo
Ni de acuerdo ni en desacuerdo
Algo de acuerdo
De acuerdo
Totalmente de acuerdo";dictionary_likert.csv;
82;A7_1_meaning;El trabajo que hago es muy importante para mí.;Factores individuales: significado;Factor Likert;"Totalmente en desacuerdo
En desacuerdo
Algo en desacuerdo
Ni de acuerdo ni en desacuerdo
Algo de acuerdo
De acuerdo
Totalmente de acuerdo";dictionary_likert.csv;
83;A7_2_meaning;Mis actividades laborales son personalmente significativas para mí;Factores individuales: significado;Factor Likert;"Totalmente en desacuerdo
En desacuerdo
Algo en desacuerdo
Ni de acuerdo ni en desacuerdo
Algo de acuerdo
De acuerdo
Totalmente de acuerdo";dictionary_likert.csv;
84;A7_3_meaning;El trabajo que hago es significativo para mí.;Factores individuales: significado;Factor Likert;"Totalmente en desacuerdo
En desacuerdo
Algo en desacuerdo
Ni de acuerdo ni en desacuerdo
Algo de acuerdo
De acuerdo
Totalmente de acuerdo";dictionary_likert.csv;
85;B1_01_nerd;Creo que las personas en carreras STEM   [Tienen dificultad para salir con alguien.];Factores educativos: estereotipos relacionados con las carreras de TI;Factor Likert;"Totalmente en desacuerdo
En desacuerdo
Algo en desacuerdo
Ni de acuerdo ni en desacuerdo
Algo de acuerdo
De acuerdo
Totalmente de acuerdo";dictionary_likert.csv;
86;B1_02_nerd;Creo que las personas en carreras STEM   [Son socialmente torpes.];Factores educativos: estereotipos relacionados con las carreras de TI;Factor Likert;"Totalmente en desacuerdo
En desacuerdo
Algo en desacuerdo
Ni de acuerdo ni en desacuerdo
Algo de acuerdo
De acuerdo
Totalmente de acuerdo";dictionary_likert.csv;
87;B1_03_nerd;Creo que las personas en carreras STEM   [No son atractivas/os.];Factores educativos: estereotipos relacionados con las carreras de TI;Factor Likert;"Totalmente en desacuerdo
En desacuerdo
Algo en desacuerdo
Ni de acuerdo ni en desacuerdo
Algo de acuerdo
De acuerdo
Totalmente de acuerdo";dictionary_likert.csv;
88;B1_04_nerd;Creo que las personas en carreras STEM   [No tienen muchas/os amigas/os.];Factores educativos: estereotipos relacionados con las carreras de TI;Factor Likert;"Totalmente en desacuerdo
En desacuerdo
Algo en desacuerdo
Ni de acuerdo ni en desacuerdo
Algo de acuerdo
De acuerdo
Totalmente de acuerdo";dictionary_likert.csv;
89;B1_05_nerd;"Creo que las personas en carreras STEM   [Son nerds (""geeky"").]";Factores educativos: estereotipos relacionados con las carreras de TI;Factor Likert;"Totalmente en desacuerdo
En desacuerdo
Algo en desacuerdo
Ni de acuerdo ni en desacuerdo
Algo de acuerdo
De acuerdo
Totalmente de acuerdo";dictionary_likert.csv;
90;B1_06_nerd;Creo que las personas en carreras STEM   [Son introvertidas/os.];Factores educativos: estereotipos relacionados con las carreras de TI;Factor Likert;"Totalmente en desacuerdo
En desacuerdo
Algo en desacuerdo
Ni de acuerdo ni en desacuerdo
Algo de acuerdo
De acuerdo
Totalmente de acuerdo";dictionary_likert.csv;
91;B1_07_genius;Creo que las personas en carreras STEM   [Son dotadas/os en matemáticas.];Factores educativos: estereotipos relacionados con las carreras de TI;Factor Likert;"Totalmente en desacuerdo
En desacuerdo
Algo en desacuerdo
Ni de acuerdo ni en desacuerdo
Algo de acuerdo
De acuerdo
Totalmente de acuerdo";dictionary_likert.csv;
92;B1_08_genius;Creo que las personas en carreras STEM   [Son naturalmente muy inteligentes.];Factores educativos: estereotipos relacionados con las carreras de TI;Factor Likert;"Totalmente en desacuerdo
En desacuerdo
Algo en desacuerdo
Ni de acuerdo ni en desacuerdo
Algo de acuerdo
De acuerdo
Totalmente de acuerdo";dictionary_likert.csv;
93;B1_09_genius;Creo que las personas en carreras STEM   [Son genias/os.];Factores educativos: estereotipos relacionados con las carreras de TI;Factor Likert;"Totalmente en desacuerdo
En desacuerdo
Algo en desacuerdo
Ni de acuerdo ni en desacuerdo
Algo de acuerdo
De acuerdo
Totalmente de acuerdo";dictionary_likert.csv;
94;B1_10_genius;Creo que las personas en carreras STEM   [Están obsesionadas/os con las computadoras.];Factores educativos: estereotipos relacionados con las carreras de TI;Factor Likert;"Totalmente en desacuerdo
En desacuerdo
Algo en desacuerdo
Ni de acuerdo ni en desacuerdo
Algo de acuerdo
De acuerdo
Totalmente de acuerdo";dictionary_likert.csv;
95;B2_mentor;Tengo un mentor;Factores educativos: calidad de la mentoría;Dicotómica;"Si 
No";dictionary_si_no.csv;
96;B2_1_mentorship_quality;Mi(s) mentor (es) y yo nos beneficiamos de nuestra relación;Factores educativos: calidad de la mentoría;Factor Likert;"Totalmente en desacuerdo
En desacuerdo
Algo en desacuerdo
Ni de acuerdo ni en desacuerdo
Algo de acuerdo
De acuerdo
Totalmente de acuerdo";;
97;B2_2_mentorship_quality;Utilicé efectivamente la mentoría;Factores educativos: calidad de la mentoría;Factor Likert;"Totalmente en desacuerdo
En desacuerdo
Algo en desacuerdo
Ni de acuerdo ni en desacuerdo
Algo de acuerdo
De acuerdo
Totalmente de acuerdo";;
98;B2_3_mentorship_quality;Disfruté de la(s) relación(es) de mentoría de alta calidad;Factores educativos: calidad de la mentoría;Factor Likert;"Totalmente en desacuerdo
En desacuerdo
Algo en desacuerdo
Ni de acuerdo ni en desacuerdo
Algo de acuerdo
De acuerdo
Totalmente de acuerdo";;
99;B3_1_gender_equality;Mis compañeras/os de clase son tratadas/os de manera diferente por sus profesoras/es dependiendo de su género;Factores educativos: percepción institucional de la igualdad de género;Factor Likert;"Totalmente en desacuerdo
En desacuerdo
Algo en desacuerdo
Ni de acuerdo ni en desacuerdo
Algo de acuerdo
De acuerdo
Totalmente de acuerdo";;
100;B3_2_gender_equality;La igualdad de género es parte de las políticas de mi institución;Factores educativos: percepción institucional de la igualdad de género;Factor Likert;"Totalmente en desacuerdo
En desacuerdo
Algo en desacuerdo
Ni de acuerdo ni en desacuerdo
Algo de acuerdo
De acuerdo
Totalmente de acuerdo";;
101;B3_3_gender_equality;Las personas de mi organización reciben el mismo apoyo institucional, independientemente de su género.;Factores educativos: percepción institucional de la igualdad de género;Factor Likert;"Totalmente en desacuerdo
En desacuerdo
Algo en desacuerdo
Ni de acuerdo ni en desacuerdo
Algo de acuerdo
De acuerdo
Totalmente de acuerdo";;
102;B3_4_gender_equality;Mis compañeras/os tratan a sus pares de otros géneros por igual.;Factores educativos: percepción institucional de la igualdad de género;Factor Likert;"Totalmente en desacuerdo
En desacuerdo
Algo en desacuerdo
Ni de acuerdo ni en desacuerdo
Algo de acuerdo
De acuerdo
Totalmente de acuerdo";;
103;B3_5_gender_equality;Las/los profesoras/es /líderes de mi facultad/unidad de negocios tratan a todas/os los estudiantes/personal por igual, independientemente de su género.;Factores educativos: percepción institucional de la igualdad de género;Factor Likert;"Totalmente en desacuerdo
En desacuerdo
Algo en desacuerdo
Ni de acuerdo ni en desacuerdo
Algo de acuerdo
De acuerdo
Totalmente de acuerdo";;
104;B4_1_peer_group_interac;Desde que llegué a esta Institución he desarrollado una estrecha relación personal con otros compañeras/os;Factores educativos: interacciones entre pares y grupos;Factor Likert;"Totalmente en desacuerdo
En desacuerdo
Algo en desacuerdo
Ni de acuerdo ni en desacuerdo
Algo de acuerdo
De acuerdo
Totalmente de acuerdo";;
105;B4_2_peer_group_interac;Las amistades de las/os  compañeras/os que desarrollé en esta Institución fueron personalmente satisfactorias;Factores educativos: interacciones entre pares y grupos;Factor Likert;"Totalmente en desacuerdo
En desacuerdo
Algo en desacuerdo
Ni de acuerdo ni en desacuerdo
Algo de acuerdo
De acuerdo
Totalmente de acuerdo";;
106;B4_3_peer_group_interac;Mis relaciones interpersonales con otras/os compañeras/os han influido positivamente en mi crecimiento personal, actitudes y valores.;Factores educativos: interacciones entre pares y grupos;Factor Likert;"Totalmente en desacuerdo
En desacuerdo
Algo en desacuerdo
Ni de acuerdo ni en desacuerdo
Algo de acuerdo
De acuerdo
Totalmente de acuerdo";;
107;B4_4_peer_group_interac;Mis relaciones interpersonales con otras/os compañeras/os influyeron positivamente en mi crecimiento intelectual e interés en ideas.;Factores educativos: interacciones entre pares y grupos;Factor Likert;"Totalmente en desacuerdo
En desacuerdo
Algo en desacuerdo
Ni de acuerdo ni en desacuerdo
Algo de acuerdo
De acuerdo
Totalmente de acuerdo";;
108;B4_5_peer_group_interac;Me ha costado conocer y hacer amistad con otras/os compañeras/os.;Factores educativos: interacciones entre pares y grupos;Factor Likert;"Totalmente en desacuerdo
En desacuerdo
Algo en desacuerdo
Ni de acuerdo ni en desacuerdo
Algo de acuerdo
De acuerdo
Totalmente de acuerdo";;
109;B4_6_peer_group_interac;Pocos de las/os compañeras/os que conozco estarían dispuestos a escucharme y ayudarme si tuviera un problema personal;Factores educativos: interacciones entre pares y grupos;Factor Likert;"Totalmente en desacuerdo
En desacuerdo
Algo en desacuerdo
Ni de acuerdo ni en desacuerdo
Algo de acuerdo
De acuerdo
Totalmente de acuerdo";;
110;B4_7_peer_group_interac;La mayoría de las/os compañeras/os de mi institución tienen valores y actitudes diferentes a los míos.;Factores educativos: interacciones entre pares y grupos;Factor Likert;"Totalmente en desacuerdo
En desacuerdo
Algo en desacuerdo
Ni de acuerdo ni en desacuerdo
Algo de acuerdo
De acuerdo
Totalmente de acuerdo";;
111;C1_1_org_culture;Mi empleadora/or promueve la igualdad de oportunidades para el desarrollo y la progresión profesional de las personas talentosas.;Factores profesionales: cultura organizacional;Factor Likert;"Totalmente en desacuerdo
En desacuerdo
Algo en desacuerdo
Ni de acuerdo ni en desacuerdo
Algo de acuerdo
De acuerdo
Totalmente de acuerdo";;
112;C1_2_org_culture;Las/os líderes en mi lugar de trabajo son conscientes del valor de apoyar una fuerza laboral diversa;Factores profesionales: cultura organizacional;Factor Likert;"Totalmente en desacuerdo
En desacuerdo
Algo en desacuerdo
Ni de acuerdo ni en desacuerdo
Algo de acuerdo
De acuerdo
Totalmente de acuerdo";;
113;C1_3_org_culture;Mi empleadora/or garantiza mensajes neutros en cuanto al género en los anuncios de trabajo;Factores profesionales: cultura organizacional;Factor Likert;"Totalmente en desacuerdo
En desacuerdo
Algo en desacuerdo
Ni de acuerdo ni en desacuerdo
Algo de acuerdo
De acuerdo
Totalmente de acuerdo";;
114;C1_4_org_culture;Mi lugar de trabajo tiene mujeres en puestos de alta dirección;Factores profesionales: cultura organizacional;Factor Likert;"Totalmente en desacuerdo
En desacuerdo
Algo en desacuerdo
Ni de acuerdo ni en desacuerdo
Algo de acuerdo
De acuerdo
Totalmente de acuerdo";;
115;C1_5_org_culture;Mi lugar de trabajo tiene un programa de recompensas para reconocer a las colaboradoras mujeres.;Factores profesionales: cultura organizacional;Factor Likert;"Totalmente en desacuerdo
En desacuerdo
Algo en desacuerdo
Ni de acuerdo ni en desacuerdo
Algo de acuerdo
De acuerdo
Totalmente de acuerdo";;
116;C2_1_self_determ;Tengo una autonomía significativa para determinar cómo hago mi trabajo;Factores profesionales: Apoyo en el lugar de trabajo;Factor Likert;"Totalmente en desacuerdo
En desacuerdo
Algo en desacuerdo
Ni de acuerdo ni en desacuerdo
Algo de acuerdo
De acuerdo
Totalmente de acuerdo";;
117;C2_2_self_determ;Puedo decidir por mí mismo cómo hacer mi trabajo;Factores profesionales: Apoyo en el lugar de trabajo;Factor Likert;"Totalmente en desacuerdo
En desacuerdo
Algo en desacuerdo
Ni de acuerdo ni en desacuerdo
Algo de acuerdo
De acuerdo
Totalmente de acuerdo";;
118;C2_3_self_determ;Tengo considerables oportunidades de independencia y libertad en la forma en que hago mi trabajo.;Factores profesionales: Apoyo en el lugar de trabajo;Factor Likert;"Totalmente en desacuerdo
En desacuerdo
Algo en desacuerdo
Ni de acuerdo ni en desacuerdo
Algo de acuerdo
De acuerdo
Totalmente de acuerdo";;
119;C2_4_impact;Tengo un gran impacto en lo que sucede en mi departamento u organización.;Factores profesionales: Apoyo en el lugar de trabajo;Factor Likert;"Totalmente en desacuerdo
En desacuerdo
Algo en desacuerdo
Ni de acuerdo ni en desacuerdo
Algo de acuerdo
De acuerdo
Totalmente de acuerdo";;
120;C2_5_impact;Tengo mucho control sobre lo que sucede en mi departamento.;Factores profesionales: Apoyo en el lugar de trabajo;Factor Likert;"Totalmente en desacuerdo
En desacuerdo
Algo en desacuerdo
Ni de acuerdo ni en desacuerdo
Algo de acuerdo
De acuerdo
Totalmente de acuerdo";;
121;C2_6_impact;Tengo una influencia significativa sobre lo que sucede en mi departamento ;Factores profesionales: Apoyo en el lugar de trabajo;Factor Likert;"Totalmente en desacuerdo
En desacuerdo
Algo en desacuerdo
Ni de acuerdo ni en desacuerdo
Algo de acuerdo
De acuerdo
Totalmente de acuerdo";;
122;E1_1_sexism;Alguien en el trabajo/universidad hace comentarios despectivos sobre tu género;Factores sociales: sexismo;Factor Likert;"Totalmente en desacuerdo
En desacuerdo
Algo en desacuerdo
Ni de acuerdo ni en desacuerdo
Algo de acuerdo
De acuerdo
Totalmente de acuerdo";;
123;E1_2_sexism;Alguien en el trabajo/universidad hace bromas sobre tu género;Factores sociales: sexismo;Factor Likert;"Totalmente en desacuerdo
En desacuerdo
Algo en desacuerdo
Ni de acuerdo ni en desacuerdo
Algo de acuerdo
De acuerdo
Totalmente de acuerdo";;
124;E1_3_sexism;Alguien en el trabajo/universidad usa insultos sexistas para describirte.;Factores sociales: sexismo;Factor Likert;"Totalmente en desacuerdo
En desacuerdo
Algo en desacuerdo
Ni de acuerdo ni en desacuerdo
Algo de acuerdo
De acuerdo
Totalmente de acuerdo";;
125;E1_4_sexism;Alguien en el trabajo/universidad hace comentarios sexistas (por ejemplo, dice que las personas de tu género no son muy inteligentes o no pueden hacer el trabajo);Factores sociales: sexismo;Factor Likert;"Totalmente en desacuerdo
En desacuerdo
Algo en desacuerdo
Ni de acuerdo ni en desacuerdo
Algo de acuerdo
De acuerdo
Totalmente de acuerdo";;
126;E1_5_sexism;Alguien en el trabajo/universidad lo excluye de las interacciones sociales durante o después del trabajo debido a su género;Factores sociales: sexismo;Factor Likert;"Totalmente en desacuerdo
En desacuerdo
Algo en desacuerdo
Ni de acuerdo ni en desacuerdo
Algo de acuerdo
De acuerdo
Totalmente de acuerdo";;
127;E1_6_sexism;Alguien en el trabajo/universidad no te da la información que necesitas para hacer tu trabajo debido a tu género;Factores sociales: sexismo;Factor Likert;"Totalmente en desacuerdo
En desacuerdo
Algo en desacuerdo
Ni de acuerdo ni en desacuerdo
Algo de acuerdo
De acuerdo
Totalmente de acuerdo";;
128;E2_1_lead_behav_bias;Las mujeres no permitirían que sus emociones influyeran en su comportamiento gerencial más que los hombres.;Factores sociales: sesgo en el comportamiento de liderazgo;Factor Likert;"Totalmente en desacuerdo
En desacuerdo
Algo en desacuerdo
Ni de acuerdo ni en desacuerdo
Algo de acuerdo
De acuerdo
Totalmente de acuerdo";;
129;E2_2_lead_behav_bias;Para ser una ejecutiva exitosa, una mujer no tiene que sacrificar parte de su feminidad.;Factores sociales: sesgo en el comportamiento de liderazgo;Factor Likert;"Totalmente en desacuerdo
En desacuerdo
Algo en desacuerdo
Ni de acuerdo ni en desacuerdo
Algo de acuerdo
De acuerdo
Totalmente de acuerdo";;
130;E2_3_lead_behav_bias;Las mujeres no son lo suficientemente ambiciosas para triunfar en el mundo del trabajo.;Factores sociales: sesgo en el comportamiento de liderazgo;Factor Likert;"Totalmente en desacuerdo
En desacuerdo
Algo en desacuerdo
Ni de acuerdo ni en desacuerdo
Algo de acuerdo
De acuerdo
Totalmente de acuerdo";;
131;E2_4_lead_behav_bias;Las mujeres no pueden ser asertivas en situaciones de negocios que lo requieran.;Factores sociales: sesgo en el comportamiento de liderazgo;Factor Likert;"Totalmente en desacuerdo
En desacuerdo
Algo en desacuerdo
Ni de acuerdo ni en desacuerdo
Algo de acuerdo
De acuerdo
Totalmente de acuerdo";;
132;E2_5_lead_behav_bias;Las mujeres tienen la confianza en sí mismas que requiere una buena líder.;Factores sociales: sesgo en el comportamiento de liderazgo;Factor Likert;"Totalmente en desacuerdo
En desacuerdo
Algo en desacuerdo
Ni de acuerdo ni en desacuerdo
Algo de acuerdo
De acuerdo
Totalmente de acuerdo";;
133;E2_6_lead_behav_bias;Las mujeres no son lo suficientemente competitivas para tener éxito en el mundo del trabajo.;Factores sociales: sesgo en el comportamiento de liderazgo;Factor Likert;"Totalmente en desacuerdo
En desacuerdo
Algo en desacuerdo
Ni de acuerdo ni en desacuerdo
Algo de acuerdo
De acuerdo
Totalmente de acuerdo";;
134;E2_7_lead_behav_bias;Las mujeres no pueden ser agresivas en situaciones de negocios que lo requieran.;Factores sociales: sesgo en el comportamiento de liderazgo;Factor Likert;"Totalmente en desacuerdo
En desacuerdo
Algo en desacuerdo
Ni de acuerdo ni en desacuerdo
Algo de acuerdo
De acuerdo
Totalmente de acuerdo";;
135;E3_1_women_stereotypes;Las mujeres ahora son vistas como autoeficaces;Factores sociales: estereotipos relacionados con las mujeres;Factor Likert;"Totalmente en desacuerdo
En desacuerdo
Algo en desacuerdo
Ni de acuerdo ni en desacuerdo
Algo de acuerdo
De acuerdo
Totalmente de acuerdo";;
136;E3_2_women_stereotypes;Las mujeres ahora son vistas como optimistas;Factores sociales: estereotipos relacionados con las mujeres;Factor Likert;"Totalmente en desacuerdo
En desacuerdo
Algo en desacuerdo
Ni de acuerdo ni en desacuerdo
Algo de acuerdo
De acuerdo
Totalmente de acuerdo";;
137;E3_3_women_stereotypes;En la actualidad, se considera que las mujeres son altamente calificadas en matemáticas.;Factores sociales: estereotipos relacionados con las mujeres;Factor Likert;"Totalmente en desacuerdo
En desacuerdo
Algo en desacuerdo
Ni de acuerdo ni en desacuerdo
Algo de acuerdo
De acuerdo
Totalmente de acuerdo";;
138;E3_4_women_stereotypes;Ahora se considera que las mujeres son altamente calificadas en ingeniería;Factores sociales: estereotipos relacionados con las mujeres;Factor Likert;"Totalmente en desacuerdo
En desacuerdo
Algo en desacuerdo
Ni de acuerdo ni en desacuerdo
Algo de acuerdo
De acuerdo
Totalmente de acuerdo";;
139;E3_5_women_stereotypes;Ahora se considera que las mujeres son altamente calificadas en tecnología.;Factores sociales: estereotipos relacionados con las mujeres;Factor Likert;"Totalmente en desacuerdo
En desacuerdo
Algo en desacuerdo
Ni de acuerdo ni en desacuerdo
Algo de acuerdo
De acuerdo
Totalmente de acuerdo";;
140;E3_6_women_stereotypes;Las mujeres ahora son vistas como independientes;Factores sociales: estereotipos relacionados con las mujeres;Factor Likert;"Totalmente en desacuerdo
En desacuerdo
Algo en desacuerdo
Ni de acuerdo ni en desacuerdo
Algo de acuerdo
De acuerdo
Totalmente de acuerdo";;
141;E3_7_women_stereotypes;Las mujeres ahora son vistas como autónomas;Factores sociales: estereotipos relacionados con las mujeres;Factor Likert;"Totalmente en desacuerdo
En desacuerdo
Algo en desacuerdo
Ni de acuerdo ni en desacuerdo
Algo de acuerdo
De acuerdo
Totalmente de acuerdo";;
142;E3_8_women_stereotypes;Actualmente se considera que las mujeres dependen de otras personas.;Factores sociales: estereotipos relacionados con las mujeres;Factor Likert;"Totalmente en desacuerdo
En desacuerdo
Algo en desacuerdo
Ni de acuerdo ni en desacuerdo
Algo de acuerdo
De acuerdo
Totalmente de acuerdo";;
143;F1_1_family_supp;Mis familiares confían en mí.;Factores sociales: apoyo familiar;Factor Likert;"Totalmente en desacuerdo
En desacuerdo
Algo en desacuerdo
Ni de acuerdo ni en desacuerdo
Algo de acuerdo
De acuerdo
Totalmente de acuerdo";;
144;F1_2_family_supp;Mi familia me cuida;Factores sociales: apoyo familiar;Factor Likert;"Totalmente en desacuerdo
En desacuerdo
Algo en desacuerdo
Ni de acuerdo ni en desacuerdo
Algo de acuerdo
De acuerdo
Totalmente de acuerdo";;
145;F1_3_family_supp;Mi familia me respeta;Factores sociales: apoyo familiar;Factor Likert;"Totalmente en desacuerdo
En desacuerdo
Algo en desacuerdo
Ni de acuerdo ni en desacuerdo
Algo de acuerdo
De acuerdo
Totalmente de acuerdo";;
146;F1_4_family_supp;Mi familia me tiene en alta estima;Factores sociales: apoyo familiar;Factor Likert;"Totalmente en desacuerdo
En desacuerdo
Algo en desacuerdo
Ni de acuerdo ni en desacuerdo
Algo de acuerdo
De acuerdo
Totalmente de acuerdo";;
147;F1_5_family_supp;Soy amado por mi familia;Factores sociales: apoyo familiar;Factor Likert;"Totalmente en desacuerdo
En desacuerdo
Algo en desacuerdo
Ni de acuerdo ni en desacuerdo
Algo de acuerdo
De acuerdo
Totalmente de acuerdo";;
148;F1_6_family_supp;No me siento cercano a mi familia;Factores sociales: apoyo familiar;Factor Likert;"Totalmente en desacuerdo
En desacuerdo
Algo en desacuerdo
Ni de acuerdo ni en desacuerdo
Algo de acuerdo
De acuerdo
Totalmente de acuerdo";;
149;F2_1_parental_expectations;Mi madre o padre me dio material escrito sobre carreras específicas;Factores sociales: expectativas de los padres;Factor Likert;"Totalmente en desacuerdo
En desacuerdo
Algo en desacuerdo
Ni de acuerdo ni en desacuerdo
Algo de acuerdo
De acuerdo
Totalmente de acuerdo";;
150;F2_2_parental_expectations;Mi madre o padre me dio material escrito sobre universidades específicas;Factores sociales: expectativas de los padres;Factor Likert;"Totalmente en desacuerdo
En desacuerdo
Algo en desacuerdo
Ni de acuerdo ni en desacuerdo
Algo de acuerdo
De acuerdo
Totalmente de acuerdo";;
151;F2_3_parental_expectations;Mi madre o padre me incentivó a hacer preguntas sobre diferentes trabajos;Factores sociales: expectativas de los padres;Factor Likert;"Totalmente en desacuerdo
En desacuerdo
Algo en desacuerdo
Ni de acuerdo ni en desacuerdo
Algo de acuerdo
De acuerdo
Totalmente de acuerdo";;
152;F2_4_parental_expectations;Mi madre o padre me incentivó a hablar con ellos sobre mis planes profesionales;Factores sociales: expectativas de los padres;Factor Likert;"Totalmente en desacuerdo
En desacuerdo
Algo en desacuerdo
Ni de acuerdo ni en desacuerdo
Algo de acuerdo
De acuerdo
Totalmente de acuerdo";;
153;F2_5_parental_expectations;Mi madre o padre dice que se sentiría decepcionada/o si no entro en una carrera específica en la que él/ella quiere que entre.;Factores sociales: expectativas de los padres;Factor Likert;"Totalmente en desacuerdo
En desacuerdo
Algo en desacuerdo
Ni de acuerdo ni en desacuerdo
Algo de acuerdo
De acuerdo
Totalmente de acuerdo";;
154;F3_1_parent_completed_college;Mi madre o mi padre se graduaron de estudios superiores;Factores sociales: Antecedentes educativos de los padres;Factor Likert;"Totalmente en desacuerdo
En desacuerdo
Algo en desacuerdo
Ni de acuerdo ni en desacuerdo
Algo de acuerdo
De acuerdo
Totalmente de acuerdo";;
155;F3_2_parent_completed_college_stem;Mi madre o mi padre completaron la educación superior en una carrera STEM ;Factores sociales: Antecedentes educativos de los padres;Factor Likert;"Totalmente en desacuerdo
En desacuerdo
Algo en desacuerdo
Ni de acuerdo ni en desacuerdo
Algo de acuerdo
De acuerdo
Totalmente de acuerdo";;
156;G1_1_stem_career_interest;Estoy muy interesada/o en trabajos relacionados con STEM;Variables dependientes: Interés en la carrera STEM;Factor Likert;"Totalmente en desacuerdo
En desacuerdo
Algo en desacuerdo
Ni de acuerdo ni en desacuerdo
Algo de acuerdo
De acuerdo
Totalmente de acuerdo";;
157;G1_2_stem_career_interest;Espero que mi trabajo futuro pueda estar relacionado con STEM;Variables dependientes: Interés en la carrera STEM;Factor Likert;"Totalmente en desacuerdo
En desacuerdo
Algo en desacuerdo
Ni de acuerdo ni en desacuerdo
Algo de acuerdo
De acuerdo
Totalmente de acuerdo";;
158;G1_3_stem_career_interest;La carrera de mis sueños está relacionada con STEM;Variables dependientes: Interés en la carrera STEM;Factor Likert;"Totalmente en desacuerdo
En desacuerdo
Algo en desacuerdo
Ni de acuerdo ni en desacuerdo
Algo de acuerdo
De acuerdo
Totalmente de acuerdo";;
159;G1_4_stem_career_interest;Espero que mi trabajo futuro pueda usar STEM;Variables dependientes: Interés en la carrera STEM;Factor Likert;"Totalmente en desacuerdo
En desacuerdo
Algo en desacuerdo
Ni de acuerdo ni en desacuerdo
Algo de acuerdo
De acuerdo
Totalmente de acuerdo";;
160;G1_5_stem_career_interest;Me interesa ser científica/o, ingeniera/o o tecnóloga/o;Variables dependientes: Interés en la carrera STEM;Factor Likert;"Totalmente en desacuerdo
En desacuerdo
Algo en desacuerdo
Ni de acuerdo ni en desacuerdo
Algo de acuerdo
De acuerdo
Totalmente de acuerdo";;
161;G2_01_mtl_affective_identity;La mayoría de las veces, prefiero ser una/un líder que una/un seguidora/or cuando trabajo con un grupo.;Variables dependientes: Motivación para liderar – Identidad afectiva.;Factor Likert;"Totalmente en desacuerdo
En desacuerdo
Algo en desacuerdo
Ni de acuerdo ni en desacuerdo
Algo de acuerdo
De acuerdo
Totalmente de acuerdo";;
162;G2_02_mtl_affective_identity;Soy el tipo de persona que no está interesada en liderar a otras/os.;Variables dependientes: Motivación para liderar – Identidad afectiva.;Factor Likert;"Totalmente en desacuerdo
En desacuerdo
Algo en desacuerdo
Ni de acuerdo ni en desacuerdo
Algo de acuerdo
De acuerdo
Totalmente de acuerdo";;
163;G2_03_mtl_affective_identity;Definitivamente no soy una/un líder por naturaleza.;Variables dependientes: Motivación para liderar – Identidad afectiva.;Factor Likert;"Totalmente en desacuerdo
En desacuerdo
Algo en desacuerdo
Ni de acuerdo ni en desacuerdo
Algo de acuerdo
De acuerdo
Totalmente de acuerdo";;
164;G2_04_mtl_affective_identity;Soy el tipo de persona a la que le gusta estar a cargo de las/os demás.;Variables dependientes: Motivación para liderar – Identidad afectiva.;Factor Likert;"Totalmente en desacuerdo
En desacuerdo
Algo en desacuerdo
Ni de acuerdo ni en desacuerdo
Algo de acuerdo
De acuerdo
Totalmente de acuerdo";;
165;G2_05_mtl_affective_identity;Creo que puedo contribuir más a un grupo si soy una/un seguidora/or que un líder.;Variables dependientes: Motivación para liderar – Identidad afectiva.;Factor Likert;"Totalmente en desacuerdo
En desacuerdo
Algo en desacuerdo
Ni de acuerdo ni en desacuerdo
Algo de acuerdo
De acuerdo
Totalmente de acuerdo";;
166;G2_06_mtl_affective_identity;Normalmente quiero ser la/el líder en los grupos donde trabajo.;Variables dependientes: Motivación para liderar – Identidad afectiva.;Factor Likert;"Totalmente en desacuerdo
En desacuerdo
Algo en desacuerdo
Ni de acuerdo ni en desacuerdo
Algo de acuerdo
De acuerdo
Totalmente de acuerdo";;
167;G2_07_mtl_affective_identity;Soy del tipo de persona que apoyaría activamente a una/un líder, pero prefiero no ser nombrada/o líder.;Variables dependientes: Motivación para liderar – Identidad afectiva.;Factor Likert;"Totalmente en desacuerdo
En desacuerdo
Algo en desacuerdo
Ni de acuerdo ni en desacuerdo
Algo de acuerdo
De acuerdo
Totalmente de acuerdo";;
168;G2_08_mtl_affective_identity;Tiendo a tomar las riendas de la mayoría de los grupos o equipos con los que trabajo.;Variables dependientes: Motivación para liderar – Identidad afectiva.;Factor Likert;"Totalmente en desacuerdo
En desacuerdo
Algo en desacuerdo
Ni de acuerdo ni en desacuerdo
Algo de acuerdo
De acuerdo
Totalmente de acuerdo";;
169;G2_09_mtl_affective_identity;Rara vez me resisto a ser la/el líder de un grupo.;Variables dependientes: Motivación para liderar – Identidad afectiva.;Factor Likert;"Totalmente en desacuerdo
En desacuerdo
Algo en desacuerdo
Ni de acuerdo ni en desacuerdo
Algo de acuerdo
De acuerdo
Totalmente de acuerdo";;
170;G2_10_mtl_social_normative;Siento que tengo el deber de guiar a otras/os personas si me lo piden.;Variables dependientes: Motivación para liderar - Identidad afectiva - Socionormativa;Factor Likert;"Totalmente en desacuerdo
En desacuerdo
Algo en desacuerdo
Ni de acuerdo ni en desacuerdo
Algo de acuerdo
De acuerdo
Totalmente de acuerdo";;
171;G2_11_mtl_social_normative;Acepto liderar cuando otras/os personas me lo pidan o me indiquen.;Variables dependientes: Motivación para liderar - Identidad afectiva - Socionormativa;Factor Likert;"Totalmente en desacuerdo
En desacuerdo
Algo en desacuerdo
Ni de acuerdo ni en desacuerdo
Algo de acuerdo
De acuerdo
Totalmente de acuerdo";;
172;G2_12_mtl_social_normative;Me enseñaron a creer en el valor de liderar a otras/os ;Variables dependientes: Motivación para liderar - Identidad afectiva - Socionormativa;Factor Likert;"Totalmente en desacuerdo
En desacuerdo
Algo en desacuerdo
Ni de acuerdo ni en desacuerdo
Algo de acuerdo
De acuerdo
Totalmente de acuerdo";;
173;G2_13_mtl_social_normative;Es apropiado que las personas acepten roles o posiciones de liderazgo cuando se les solicite.;Variables dependientes: Motivación para liderar - Identidad afectiva - Socionormativa;Factor Likert;"Totalmente en desacuerdo
En desacuerdo
Algo en desacuerdo
Ni de acuerdo ni en desacuerdo
Algo de acuerdo
De acuerdo
Totalmente de acuerdo";;
174;G2_14_mtl_social_normative;Me enseñaron que siempre debo ofrecerme como voluntaria/o para guiar a otras/os personas si puedo.;Variables dependientes: Motivación para liderar - Identidad afectiva - Socionormativa;Factor Likert;"Totalmente en desacuerdo
En desacuerdo
Algo en desacuerdo
Ni de acuerdo ni en desacuerdo
Algo de acuerdo
De acuerdo
Totalmente de acuerdo";;
175;G2_15_mtl_social_normative;No está bien rechazar roles de liderazgo.;Variables dependientes: Motivación para liderar - Identidad afectiva - Socionormativa;Factor Likert;"Totalmente en desacuerdo
En desacuerdo
Algo en desacuerdo
Ni de acuerdo ni en desacuerdo
Algo de acuerdo
De acuerdo
Totalmente de acuerdo";;
176;G2_16_mtl_social_normative;Es un honor y un privilegio que me pidan que lidere.;Variables dependientes: Motivación para liderar - Identidad afectiva - Socionormativa;Factor Likert;"Totalmente en desacuerdo
En desacuerdo
Algo en desacuerdo
Ni de acuerdo ni en desacuerdo
Algo de acuerdo
De acuerdo
Totalmente de acuerdo";;
177;G2_17_mtl_social_normative;Las personas deben ofrecerse como voluntarias para liderar en lugar de esperar a que otras/os personas pregunten o voten por ellas.;Variables dependientes: Motivación para liderar - Identidad afectiva - Socionormativa;Factor Likert;"Totalmente en desacuerdo
En desacuerdo
Algo en desacuerdo
Ni de acuerdo ni en desacuerdo
Algo de acuerdo
De acuerdo
Totalmente de acuerdo";;
178;G2_18_mtl_social_normative;Nunca aceptaría liderar solo porque otras/os personas votaron por mí.;Variables dependientes: Motivación para liderar - Identidad afectiva - Socionormativa;Factor Likert;"Totalmente en desacuerdo
En desacuerdo
Algo en desacuerdo
Ni de acuerdo ni en desacuerdo
Algo de acuerdo
De acuerdo
Totalmente de acuerdo";;
179;G3_01_policy_importance;Considero que las siguientes políticas son totalmente relevantes [Garantizar un mismo salario por el mismo trabajo.];Variables dependientes: Importancia de las políticas para promover la participación femenina en STEM;Factor Likert;"Totalmente en desacuerdo
En desacuerdo
Algo en desacuerdo
Ni de acuerdo ni en desacuerdo
Algo de acuerdo
De acuerdo
Totalmente de acuerdo";;
180;G3_02_policy_importance;Considero que las siguientes políticas son totalmente relevantes [Preservar un balance entre la vida laboral y personal.];Variables dependientes: Importancia de las políticas para promover la participación femenina en STEM;Factor Likert;"Totalmente en desacuerdo
En desacuerdo
Algo en desacuerdo
Ni de acuerdo ni en desacuerdo
Algo de acuerdo
De acuerdo
Totalmente de acuerdo";;
181;G3_03_policy_importance;Considero que las siguientes políticas son totalmente relevantes [Erradicar el acoso sexual y violencia.];Variables dependientes: Importancia de las políticas para promover la participación femenina en STEM;Factor Likert;"Totalmente en desacuerdo
En desacuerdo
Algo en desacuerdo
Ni de acuerdo ni en desacuerdo
Algo de acuerdo
De acuerdo
Totalmente de acuerdo";;
182;G3_04_policy_importance;Considero que las siguientes políticas son totalmente relevantes [Garantizar una paridad de género para puestos de liderazgo/políticos.];Variables dependientes: Importancia de las políticas para promover la participación femenina en STEM;Factor Likert;"Totalmente en desacuerdo
En desacuerdo
Algo en desacuerdo
Ni de acuerdo ni en desacuerdo
Algo de acuerdo
De acuerdo
Totalmente de acuerdo";;
183;G3_05_policy_importance;Considero que las siguientes políticas son totalmente relevantes [Garantizar la participación de mujeres (cuota de género).];Variables dependientes: Importancia de las políticas para promover la participación femenina en STEM;Factor Likert;"Totalmente en desacuerdo
En desacuerdo
Algo en desacuerdo
Ni de acuerdo ni en desacuerdo
Algo de acuerdo
De acuerdo
Totalmente de acuerdo";;
184;G3_06_policy_importance;Considero que las siguientes políticas son totalmente relevantes [Atraer la participación de mujeres en campos STEM.];Variables dependientes: Importancia de las políticas para promover la participación femenina en STEM;Factor Likert;"Totalmente en desacuerdo
En desacuerdo
Algo en desacuerdo
Ni de acuerdo ni en desacuerdo
Algo de acuerdo
De acuerdo
Totalmente de acuerdo";;
185;G3_07_policy_importance; Considero que las siguientes políticas son totalmente relevantes [Organizar programas de tutoría para mujeres jóvenes (como conocer mujeres ingenieras, etc.).];Variables dependientes: Importancia de las políticas para promover la participación femenina en STEM;Factor Likert;"Totalmente en desacuerdo
En desacuerdo
Algo en desacuerdo
Ni de acuerdo ni en desacuerdo
Algo de acuerdo
De acuerdo
Totalmente de acuerdo";;
186;G3_08_policy_importance;Considero que las siguientes políticas son totalmente relevantes [Demostrar acciones afirmativas como contratar a mujeres o minorías de grupos sociales excluidos.];Variables dependientes: Importancia de las políticas para promover la participación femenina en STEM;Factor Likert;"Totalmente en desacuerdo
En desacuerdo
Algo en desacuerdo
Ni de acuerdo ni en desacuerdo
Algo de acuerdo
De acuerdo
Totalmente de acuerdo";;
187;G3_09_policy_importance;Considero que las siguientes políticas son totalmente relevantes [Retener y empoderar a mujeres de áreas STEM.];Variables dependientes: Importancia de las políticas para promover la participación femenina en STEM;Factor Likert;"Totalmente en desacuerdo
En desacuerdo
Algo en desacuerdo
Ni de acuerdo ni en desacuerdo
Algo de acuerdo
De acuerdo
Totalmente de acuerdo";;
188;G3_10_policy_importance;Considero que las siguientes políticas son totalmente relevantes [Apoyar el crecimiento profesional de las mujeres.];Variables dependientes: Importancia de las políticas para promover la participación femenina en STEM;Factor Likert;"Totalmente en desacuerdo
En desacuerdo
Algo en desacuerdo
Ni de acuerdo ni en desacuerdo
Algo de acuerdo
De acuerdo
Totalmente de acuerdo";;
189;G3_11_policy_importance;Considero que las siguientes políticas son totalmente relevantes [Brindar apoyo financiero a estudiantes mujeres en áreas STEM];Variables dependientes: Importancia de las políticas para promover la participación femenina en STEM;Factor Likert;"Totalmente en desacuerdo
En desacuerdo
Algo en desacuerdo
Ni de acuerdo ni en desacuerdo
Algo de acuerdo
De acuerdo
Totalmente de acuerdo";;
190;G4_01_policy_existence;En mi organización existen políticas vigentes y explícitas para: [Garantizar un mismo salario por el mismo trabajo.];Variables dependientes: Políticas de mi organización para promover la participación de las mujeres en STEM;Factor Likert;"Totalmente en desacuerdo
En desacuerdo
Algo en desacuerdo
Ni de acuerdo ni en desacuerdo
Algo de acuerdo
De acuerdo
Totalmente de acuerdo";;
191;G4_02_policy_existence;En mi organización existen políticas vigentes y explícitas para: [Preservar un balance entre la vida laboral y personal.];Variables dependientes: Políticas de mi organización para promover la participación de las mujeres en STEM;Factor Likert;"Totalmente en desacuerdo
En desacuerdo
Algo en desacuerdo
Ni de acuerdo ni en desacuerdo
Algo de acuerdo
De acuerdo
Totalmente de acuerdo";;
192;G4_03_policy_existence;En mi organización existen políticas vigentes y explícitas para: [Erradicar el acoso sexual y violencia.];Variables dependientes: Políticas de mi organización para promover la participación de las mujeres en STEM;Factor Likert;"Totalmente en desacuerdo
En desacuerdo
Algo en desacuerdo
Ni de acuerdo ni en desacuerdo
Algo de acuerdo
De acuerdo
Totalmente de acuerdo";;
193;G4_04_policy_existence;En mi organización existen políticas vigentes y explícitas para: [Garantizar una paridad de género para puestos de liderazgo/políticos.];Variables dependientes: Políticas de mi organización para promover la participación de las mujeres en STEM;Factor Likert;"Totalmente en desacuerdo
En desacuerdo
Algo en desacuerdo
Ni de acuerdo ni en desacuerdo
Algo de acuerdo
De acuerdo
Totalmente de acuerdo";;
194;G4_05_policy_existence;En mi organización existen políticas vigentes y explícitas para: [Garantizar la participación de mujeres (cuota de género).];Variables dependientes: Políticas de mi organización para promover la participación de las mujeres en STEM;Factor Likert;"Totalmente en desacuerdo
En desacuerdo
Algo en desacuerdo
Ni de acuerdo ni en desacuerdo
Algo de acuerdo
De acuerdo
Totalmente de acuerdo";;
195;G4_06_policy_existence;En mi organización existen políticas vigentes y explícitas para: [Atraer la participación de mujeres en campos STEM.];Variables dependientes: Políticas de mi organización para promover la participación de las mujeres en STEM;Factor Likert;"Totalmente en desacuerdo
En desacuerdo
Algo en desacuerdo
Ni de acuerdo ni en desacuerdo
Algo de acuerdo
De acuerdo
Totalmente de acuerdo";;
196;G4_07_policy_existence;En mi organización existen políticas vigentes y explícitas para: [Organizar programas de tutoría para mujeres jóvenes (como conocer mujeres ingenieras, etc.).];Variables dependientes: Políticas de mi organización para promover la participación de las mujeres en STEM;Factor Likert;"Totalmente en desacuerdo
En desacuerdo
Algo en desacuerdo
Ni de acuerdo ni en desacuerdo
Algo de acuerdo
De acuerdo
Totalmente de acuerdo";;
197;G4_08_policy_existence;En mi organización existen políticas vigentes y explícitas para: [Demostrar acciones afirmativas como contratar a mujeres o minorías de grupos sociales excluidos.];Variables dependientes: Políticas de mi organización para promover la participación de las mujeres en STEM;Factor Likert;"Totalmente en desacuerdo
En desacuerdo
Algo en desacuerdo
Ni de acuerdo ni en desacuerdo
Algo de acuerdo
De acuerdo
Totalmente de acuerdo";;
198;G4_09_policy_existence;En mi organización existen políticas vigentes y explícitas para: [Retener y empoderar a mujeres de áreas STEM.];Variables dependientes: Políticas de mi organización para promover la participación de las mujeres en STEM;Factor Likert;"Totalmente en desacuerdo
En desacuerdo
Algo en desacuerdo
Ni de acuerdo ni en desacuerdo
Algo de acuerdo
De acuerdo
Totalmente de acuerdo";;
199;G4_10_barriers;En mi organización existen políticas vigentes y explícitas para: [Apoyar el crecimiento profesional de las mujeres.];Variables dependientes: Políticas de mi organización para promover la participación de las mujeres en STEM;Factor Likert;"Totalmente en desacuerdo
En desacuerdo
Algo en desacuerdo
Ni de acuerdo ni en desacuerdo
Algo de acuerdo
De acuerdo
Totalmente de acuerdo";;
200;G4_11_barriers;En mi organización existen políticas vigentes y explícitas para: [Brindar apoyo financiero a estudiantes mujeres en áreas STEM];Variables dependientes: Políticas de mi organización para promover la participación de las mujeres en STEM;Factor Likert;"Totalmente en desacuerdo
En desacuerdo
Algo en desacuerdo
Ni de acuerdo ni en desacuerdo
Algo de acuerdo
De acuerdo
Totalmente de acuerdo";;
201;G5_01_barriers;En mi experiencia, he sufrido las consecuencias de que en mi organización  [No se haya garantizado un mismo salario por el mismo trabajo];Variables dependientes: barreras enfrentadas;Factor Likert;"Totalmente en desacuerdo
En desacuerdo
Algo en desacuerdo
Ni de acuerdo ni en desacuerdo
Algo de acuerdo
De acuerdo
Totalmente de acuerdo";;
202;G5_02_barriers;En mi experiencia, he sufrido las consecuencias de que en mi organización  [No se haya preservado un balance entre la vida laboral y personal];Variables dependientes: barreras enfrentadas;Factor Likert;"Totalmente en desacuerdo
En desacuerdo
Algo en desacuerdo
Ni de acuerdo ni en desacuerdo
Algo de acuerdo
De acuerdo
Totalmente de acuerdo";;
203;G5_03_barriers;En mi experiencia, he sufrido las consecuencias de que en mi organización  [No se haya erradicado el acoso sexual y violencia];Variables dependientes: barreras enfrentadas;Factor Likert;"Totalmente en desacuerdo
En desacuerdo
Algo en desacuerdo
Ni de acuerdo ni en desacuerdo
Algo de acuerdo
De acuerdo
Totalmente de acuerdo";;
204;G5_04_barriers;En mi experiencia, he sufrido las consecuencias de que en mi organización  [No se haya garantizado una paridad de género para puestos de liderazgo/políticos.];Variables dependientes: barreras enfrentadas;Factor Likert;"Totalmente en desacuerdo
En desacuerdo
Algo en desacuerdo
Ni de acuerdo ni en desacuerdo
Algo de acuerdo
De acuerdo
Totalmente de acuerdo";;
205;G5_05_barriers;En mi experiencia, he sufrido las consecuencias de que en mi organización  [No se haya garantizado la participación de mujeres (cuota de género)];Variables dependientes: barreras enfrentadas;Factor Likert;"Totalmente en desacuerdo
En desacuerdo
Algo en desacuerdo
Ni de acuerdo ni en desacuerdo
Algo de acuerdo
De acuerdo
Totalmente de acuerdo";;
206;G5_06_barriers;En mi experiencia, he sufrido las consecuencias de que en mi organización  [No se haya atraído la participación de mujeres en campos STEM.];Variables dependientes: barreras enfrentadas;Factor Likert;"Totalmente en desacuerdo
En desacuerdo
Algo en desacuerdo
Ni de acuerdo ni en desacuerdo
Algo de acuerdo
De acuerdo
Totalmente de acuerdo";;
207;G5_07_barriers;En mi experiencia, he sufrido las consecuencias de que en mi organización  [No se haya organizado programas de tutoría para mujeres jóvenes (como conocer mujeres ingenieras, etc.)];Variables dependientes: barreras enfrentadas;Factor Likert;"Totalmente en desacuerdo
En desacuerdo
Algo en desacuerdo
Ni de acuerdo ni en desacuerdo
Algo de acuerdo
De acuerdo
Totalmente de acuerdo";;
208;G5_08_barriers;En mi experiencia, he sufrido las consecuencias de que en mi organización  [No se haya aplicado acciones afirmativas como contratar a mujeres o minorías de grupos sociales excluidos.];Variables dependientes: barreras enfrentadas;Factor Likert;"Totalmente en desacuerdo
En desacuerdo
Algo en desacuerdo
Ni de acuerdo ni en desacuerdo
Algo de acuerdo
De acuerdo
Totalmente de acuerdo";;
209;G5_09_barriers;En mi experiencia, he sufrido las consecuencias de que en mi organización  [No se haya retenido o empoderado a las mujeres de áreas STEM];Variables dependientes: barreras enfrentadas;Factor Likert;"Totalmente en desacuerdo
En desacuerdo
Algo en desacuerdo
Ni de acuerdo ni en desacuerdo
Algo de acuerdo
De acuerdo
Totalmente de acuerdo";;
210;G5_10_barriers;En mi experiencia, he sufrido las consecuencias de que en mi organización  [No se haya apoyado el crecimiento profesional de las mujeres.];Variables dependientes: barreras enfrentadas;Factor Likert;"Totalmente en desacuerdo
En desacuerdo
Algo en desacuerdo
Ni de acuerdo ni en desacuerdo
Algo de acuerdo
De acuerdo
Totalmente de acuerdo";;
211;G5_11_barriers;En mi experiencia, he sufrido las consecuencias de que en mi organización  [No se haya brindado apoyo financiero a estudiantes mujeres en áreas STEM.];Variables dependientes: barreras enfrentadas;Factor Likert;"Totalmente en desacuerdo
En desacuerdo
Algo en desacuerdo
Ni de acuerdo ni en desacuerdo
Algo de acuerdo
De acuerdo
Totalmente de acuerdo";;
212;G6_open_data_importance;Considero totalmente útil una plataforma de datos abiertos sobre la desigualdad de género en los campos STEM;Survey;Dicotómica;"Si 
No";dictionary_si_no.csv;
213;G7_IT_area;Área;Carrera;Dicotómica;"IT 
Otra que no sea  IT";dictionary_G7_IT_area.csv;
214;Problem_case;Problemas identificados en las variables D8_1-4, D9_2_1-4, D12_1. ;Survey;Factor;"No hay problema
Problema potencial";dictionary_Problem_case.csv;
